Temperature	[HCl]	[Iodine]	[Acetone]	[Water]	Rate
29.5630086538461000000000	0.0241072366947104000000	0.0021288307419865600000	1.9904600585390400000000	44.8738789164876000000000	0.0000047035190598158600
36.5674371900826000000000	0.0230867619343975000000	0.0023857862867410100000	1.9858874864178900000000	44.8065408099800000000000	0.0000125981608698396000
32.9010114754098000000000	0.0222226659054644000000	0.0020817156466608600000	1.9577342950628900000000	45.1382667044105000000000	0.0000073399326093372100
29.4071990099009000000000	0.0113387808495764000000	0.0022927108457878000000	1.9809906177131200000000	45.5304549509860000000000	0.0000021698424656017200
29.3648327868852000000000	0.0408170078306127000000	0.0019979174005743200000	1.9670607690090600000000	44.1143596686086000000000	0.0000075720281718571400
29.2665716535433000000000	0.0205358575633581000000	0.0041755737029270800000	1.9534357140630700000000	44.0869566355127000000000	0.0000035714432352397300
29.5615821782178000000000	0.0209393908208124000000	0.0010259835146055100000	1.9918484094599100000000	45.6563907615832000000000	0.0000044606061261675900
29.2659518181818000000000	0.0200876515989987000000	0.0030123792757488500000	0.4656697903921760000000	50.8312321709033000000000	0.0000007334901267368340
29.7380554455445000000000	0.0206935563197525000000	0.0021476472768051700000	4.0344312235396500000000	36.7087478136538000000000	0.0000082054275453978700